"Welcome to Facebook - Log In, Sign Up or Learn More", https://www.facebook.com
"Welcome to Facebook - Log In, Sign Up or Learn More", https://www.facebook.com
"Welcome to Facebook - Log In, Sign Up or Learn More", https://www.facebook.com
"Welcome to Facebook - Log In, Sign Up or Learn More", https://www.facebook.com
"Welcome to Facebook - Log In, Sign Up or Learn More", https://www.facebook.com
"Welcome to Facebook - Log In, Sign Up or Learn More", https://www.facebook.com
"Welcome to Facebook - Log In, Sign Up or Learn More", https://www.facebook.com
"Welcome to Facebook - Log In, Sign Up or Learn More", https://www.facebook.com/
"Forgot Password | Can't Log In | Facebook", https://www.facebook.com/recover/initiate
"Welcome to Facebook - Log In, Sign Up or Learn More", https://www.facebook.com#
"Terms of Service", https://www.facebook.com/legal/terms
"Data Use Policy | Facebook", https://www.facebook.com/about/privacy
"Cookies, Pixels & Similar Technologies | Facebook Help Center | Facebook", https://www.facebook.com/help/cookies
"Welcome to Facebook - Log In, Sign Up or Learn More", https://www.facebook.com#
"Welcome to Facebook - Log In, Sign Up or Learn More", https://www.facebook.com#
"Welcome to Facebook - Log In, Sign Up or Learn More", https://www.facebook.com#
"Welcome to Facebook - Log In, Sign Up or Learn More", https://www.facebook.com#
"Welcome to Facebook - Log In, Sign Up or Learn More", https://www.facebook.com#
"Welcome to Facebook - Log In, Sign Up or Learn More", https://www.facebook.com#
"Facebook", https://www.facebook.com/pages/create/?ref_type=registration_form
"Welcome to Facebook - Log In, Sign Up or Learn More", https://www.facebook.com/
"¡Bienvenido a Facebook en Español!", https://es-la.facebook.com/
"Bienvenue sur Facebook. Connectez-vous, inscrivez-vous ou découvrez !", https://fr-fr.facebook.com/
"欢迎使用 Facebook - 登录、注册或详细了解", https://zh-cn.facebook.com/
"مرحباً بك في فيس بوك - قم بتسجيل الدخول أو بالتسجيل أو بمعرفة المزيد", https://ar-ar.facebook.com/
"Bem-vindo ao Facebook - acesse, cadastre-se ou saiba mais.", https://pt-br.facebook.com/
"Ti diamo il benvenuto su Facebook: accedi, iscriviti o scopri maggiori informazioni", https://it-it.facebook.com/
"Facebook에 오신 것을 환영합니다. 로그인, 가입 및 더 알아보기", https://ko-kr.facebook.com/
"Willkommen bei Facebook - anmelden, registrieren oder mehr erfahren", https://de-de.facebook.com/
"Facebook में आपका स्वागत है - लॉग इन करें, साइन अप करें या अधिक जानें", https://hi-in.facebook.com/
"Welcome to Facebook - Log In, Sign Up or Learn More", https://www.facebook.com#
"Sign Up for Facebook | Facebook", https://www.facebook.com/r.php
"Facebook", https://www.facebook.com/login/
"Facebook Mobile | Facebook", https://www.facebook.com/mobile/?ref=pf
"Facebook", https://www.facebook.com/find-friends?ref=pf
"Facebook Badges", https://www.facebook.com/badges/?ref=pf
"A A | azusa sakata | People Directory | Facebook", https://www.facebook.com/directory/people/
"Pages Directory | Facebook", https://www.facebook.com/directory/pages/
"Facebook Places - Discover great places | Facebook", https://www.facebook.com/places/
"Games", https://www.facebook.com/games/
"Places Directory | Facebook", https://www.facebook.com/directory/places/
"Facebook", https://www.facebook.com/facebook
"About Advertising on Facebook | Facebook", https://www.facebook.com/campaign/landing.php?placement=pflo&campaign_id=402047449186&extra_1=auto
"Facebook", https://www.facebook.com/pages/create/?ref_type=sitefooter
"Facebook Developers", https://developers.facebook.com/?ref=pf
"Facebook Careers | Facebook", https://www.facebook.com/careers/?ref=pf
"Data Use Policy | Facebook", https://www.facebook.com/privacy/explanation
"Cookies, Pixels & Similar Technologies | Facebook Help Center | Facebook", https://www.facebook.com/help/cookies/?ref=sitefooter
"Facebook Policies | Facebook", https://www.facebook.com/policies/?ref=pf
"Facebook Help Center | Facebook", https://www.facebook.com/help/?ref=pf
"Welcome to Facebook - Log In, Sign Up or Learn More", https://www.facebook.com#
"Welcome to Facebook - Log In, Sign Up or Learn More", https://www.facebook.com/
"Forgot Password | Can't Log In | Facebook", https://www.facebook.com/recover/initiate
"Welcome to Facebook - Log In, Sign Up or Learn More", https://www.facebook.com/#
"Terms of Service", https://www.facebook.com/legal/terms
"Data Use Policy | Facebook", https://www.facebook.com/about/privacy
"Welcome to Facebook - Log In, Sign Up or Learn More", https://www.facebook.com
"Welcome to Facebook - Log In, Sign Up or Learn More", https://www.facebook.com/
"Forgot Password | Can't Log In | Facebook", https://www.facebook.com/recover/initiate
"Welcome to Facebook - Log In, Sign Up or Learn More", https://www.facebook.com#
"Terms of Service", https://www.facebook.com/legal/terms
"Data Use Policy | Facebook", https://www.facebook.com/about/privacy
"Cookies, Pixels & Similar Technologies | Facebook Help Center | Facebook", https://www.facebook.com/help/cookies
"Welcome to Facebook - Log In, Sign Up or Learn More", https://www.facebook.com#
"Welcome to Facebook - Log In, Sign Up or Learn More", https://www.facebook.com#
"Welcome to Facebook - Log In, Sign Up or Learn More", https://www.facebook.com#
"Welcome to Facebook - Log In, Sign Up or Learn More", https://www.facebook.com#
"Welcome to Facebook - Log In, Sign Up or Learn More", https://www.facebook.com#
"Welcome to Facebook - Log In, Sign Up or Learn More", https://www.facebook.com#
"Facebook", https://www.facebook.com/pages/create/?ref_type=registration_form
"Welcome to Facebook - Log In, Sign Up or Learn More", https://www.facebook.com/
"¡Bienvenido a Facebook en Español!", https://es-la.facebook.com/
"Bienvenue sur Facebook. Connectez-vous, inscrivez-vous ou découvrez !", https://fr-fr.facebook.com/
"欢迎使用 Facebook - 登录、注册或详细了解", https://zh-cn.facebook.com/
"مرحباً بك في فيس بوك - قم بتسجيل الدخول أو بالتسجيل أو بمعرفة المزيد", https://ar-ar.facebook.com/
"Bem-vindo ao Facebook - acesse, cadastre-se ou saiba mais.", https://pt-br.facebook.com/
"Ti diamo il benvenuto su Facebook: accedi, iscriviti o scopri maggiori informazioni", https://it-it.facebook.com/
"Facebook에 오신 것을 환영합니다. 로그인, 가입 및 더 알아보기", https://ko-kr.facebook.com/
"Willkommen bei Facebook - anmelden, registrieren oder mehr erfahren", https://de-de.facebook.com/
"Facebook में आपका स्वागत है - लॉग इन करें, साइन अप करें या अधिक जानें", https://hi-in.facebook.com/
"Welcome to Facebook - Log In, Sign Up or Learn More", https://www.facebook.com#
"Sign Up for Facebook | Facebook", https://www.facebook.com/r.php
"Facebook", https://www.facebook.com/login/
"Facebook Mobile | Facebook", https://www.facebook.com/mobile/?ref=pf
"Facebook", https://www.facebook.com/find-friends?ref=pf
"Facebook Badges", https://www.facebook.com/badges/?ref=pf
"A A | azusa sakata | People Directory | Facebook", https://www.facebook.com/directory/people/
"Pages Directory | Facebook", https://www.facebook.com/directory/pages/
"Facebook Places - Discover great places | Facebook", https://www.facebook.com/places/
"Games", https://www.facebook.com/games/
"Places Directory | Facebook", https://www.facebook.com/directory/places/
"Facebook", https://www.facebook.com/facebook
"About Advertising on Facebook | Facebook", https://www.facebook.com/campaign/landing.php?placement=pflo&campaign_id=402047449186&extra_1=auto
"Facebook", https://www.facebook.com/pages/create/?ref_type=sitefooter
"Facebook Developers", https://developers.facebook.com/?ref=pf
"Welcome to Facebook - Log In, Sign Up or Learn More", https://www.facebook.com
"Welcome to Facebook - Log In, Sign Up or Learn More", https://www.facebook.com
"Welcome to Facebook - Log In, Sign Up or Learn More", https://www.facebook.com/
"Forgot Password | Can't Log In | Facebook", https://www.facebook.com/recover/initiate
"Welcome to Facebook - Log In, Sign Up or Learn More", https://www.facebook.com#
"Terms of Service", https://www.facebook.com/legal/terms
"Data Use Policy | Facebook", https://www.facebook.com/about/privacy
"Cookies, Pixels & Similar Technologies | Facebook Help Center | Facebook", https://www.facebook.com/help/cookies
"Welcome to Facebook - Log In, Sign Up or Learn More", https://www.facebook.com#
"Welcome to Facebook - Log In, Sign Up or Learn More", https://www.facebook.com#
"Welcome to Facebook - Log In, Sign Up or Learn More", https://www.facebook.com#
"Welcome to Facebook - Log In, Sign Up or Learn More", https://www.facebook.com#
"Welcome to Facebook - Log In, Sign Up or Learn More", https://www.facebook.com#
"Welcome to Facebook - Log In, Sign Up or Learn More", https://www.facebook.com#
"Facebook", https://www.facebook.com/pages/create/?ref_type=registration_form
"Welcome to Facebook - Log In, Sign Up or Learn More", https://www.facebook.com/
"¡Bienvenido a Facebook en Español!", https://es-la.facebook.com/
"Bienvenue sur Facebook. Connectez-vous, inscrivez-vous ou découvrez !", https://fr-fr.facebook.com/
"欢迎使用 Facebook - 登录、注册或详细了解", https://zh-cn.facebook.com/
"مرحباً بك في فيس بوك - قم بتسجيل الدخول أو بالتسجيل أو بمعرفة المزيد", https://ar-ar.facebook.com/
"Bem-vindo ao Facebook - acesse, cadastre-se ou saiba mais.", https://pt-br.facebook.com/
"Ti diamo il benvenuto su Facebook: accedi, iscriviti o scopri maggiori informazioni", https://it-it.facebook.com/
"Facebook에 오신 것을 환영합니다. 로그인, 가입 및 더 알아보기", https://ko-kr.facebook.com/
"Willkommen bei Facebook - anmelden, registrieren oder mehr erfahren", https://de-de.facebook.com/
"Facebook में आपका स्वागत है - लॉग इन करें, साइन अप करें या अधिक जानें", https://hi-in.facebook.com/
"Welcome to Facebook - Log In, Sign Up or Learn More", https://www.facebook.com#
"Sign Up for Facebook | Facebook", https://www.facebook.com/r.php
"Facebook", https://www.facebook.com/login/
"Facebook Mobile | Facebook", https://www.facebook.com/mobile/?ref=pf
"Facebook", https://www.facebook.com/find-friends?ref=pf
"Facebook Badges", https://www.facebook.com/badges/?ref=pf
"A A | azusa sakata | People Directory | Facebook", https://www.facebook.com/directory/people/
"Pages Directory | Facebook", https://www.facebook.com/directory/pages/
"Facebook Places - Discover great places | Facebook", https://www.facebook.com/places/
"Games", https://www.facebook.com/games/
"Places Directory | Facebook", https://www.facebook.com/directory/places/
"Facebook", https://www.facebook.com/facebook
"About Advertising on Facebook | Facebook", https://www.facebook.com/campaign/landing.php?placement=pflo&campaign_id=402047449186&extra_1=auto
"Facebook", https://www.facebook.com/pages/create/?ref_type=sitefooter
"Facebook Developers", https://developers.facebook.com/?ref=pf
"Facebook Careers | Facebook", https://www.facebook.com/careers/?ref=pf
"Data Use Policy | Facebook", https://www.facebook.com/privacy/explanation
"Cookies, Pixels & Similar Technologies | Facebook Help Center | Facebook", https://www.facebook.com/help/cookies/?ref=sitefooter
"Facebook Policies | Facebook", https://www.facebook.com/policies/?ref=pf
"Facebook Help Center | Facebook", https://www.facebook.com/help/?ref=pf
"Welcome to Facebook - Log In, Sign Up or Learn More", https://www.facebook.com#
"Welcome to Facebook - Log In, Sign Up or Learn More", https://www.facebook.com/
"Forgot Password | Can't Log In | Facebook", https://www.facebook.com/recover/initiate
"Welcome to Facebook - Log In, Sign Up or Learn More", https://www.facebook.com/#
"Terms of Service", https://www.facebook.com/legal/terms
"Data Use Policy | Facebook", https://www.facebook.com/about/privacy
"Cookies, Pixels & Similar Technologies | Facebook Help Center | Facebook", https://www.facebook.com/help/cookies
"Welcome to Facebook - Log In, Sign Up or Learn More", https://www.facebook.com/#
"Welcome to Facebook - Log In, Sign Up or Learn More", https://www.facebook.com/#
"Welcome to Facebook - Log In, Sign Up or Learn More", https://www.facebook.com/#
"Welcome to Facebook - Log In, Sign Up or Learn More", https://www.facebook.com/#
"Welcome to Facebook - Log In, Sign Up or Learn More", https://www.facebook.com/#
"Welcome to Facebook - Log In, Sign Up or Learn More", https://www.facebook.com/#
"Facebook", https://www.facebook.com/pages/create/?ref_type=registration_form
"Welcome to Facebook - Log In, Sign Up or Learn More", https://www.facebook.com/
"¡Bienvenido a Facebook en Español!", https://es-la.facebook.com/
"Bienvenue sur Facebook. Connectez-vous, inscrivez-vous ou découvrez !", https://fr-fr.facebook.com/
"欢迎使用 Facebook - 登录、注册或详细了解", https://zh-cn.facebook.com/
"مرحباً بك في فيس بوك - قم بتسجيل الدخول أو بالتسجيل أو بمعرفة المزيد", https://ar-ar.facebook.com/
"Bem-vindo ao Facebook - acesse, cadastre-se ou saiba mais.", https://pt-br.facebook.com/
"Ti diamo il benvenuto su Facebook: accedi, iscriviti o scopri maggiori informazioni", https://it-it.facebook.com/
"Facebook에 오신 것을 환영합니다. 로그인, 가입 및 더 알아보기", https://ko-kr.facebook.com/
"Willkommen bei Facebook - anmelden, registrieren oder mehr erfahren", https://de-de.facebook.com/
"Facebook में आपका स्वागत है - लॉग इन करें, साइन अप करें या अधिक जानें", https://hi-in.facebook.com/
"Welcome to Facebook - Log In, Sign Up or Learn More", https://www.facebook.com/#
"Sign Up for Facebook | Facebook", https://www.facebook.com/r.php
"Facebook", https://www.facebook.com/login/
"Facebook Mobile | Facebook", https://www.facebook.com/mobile/?ref=pf
"Facebook", https://www.facebook.com/find-friends?ref=pf
"Facebook Badges", https://www.facebook.com/badges/?ref=pf
"A A | azusa sakata | People Directory | Facebook", https://www.facebook.com/directory/people/
"Pages Directory | Facebook", https://www.facebook.com/directory/pages/
"Facebook Places - Discover great places | Facebook", https://www.facebook.com/places/
"Games", https://www.facebook.com/games/
"Places Directory | Facebook", https://www.facebook.com/directory/places/
"Facebook", https://www.facebook.com/facebook
"About Advertising on Facebook | Facebook", https://www.facebook.com/campaign/landing.php?placement=pflo&campaign_id=402047449186&extra_1=auto
"Facebook", https://www.facebook.com/pages/create/?ref_type=sitefooter
"Facebook Developers", https://developers.facebook.com/?ref=pf
"Facebook Careers | Facebook", https://www.facebook.com/careers/?ref=pf
"Data Use Policy | Facebook", https://www.facebook.com/privacy/explanation
"Cookies, Pixels & Similar Technologies | Facebook Help Center | Facebook", https://www.facebook.com/help/cookies/?ref=sitefooter
"Facebook Policies | Facebook", https://www.facebook.com/policies/?ref=pf
"Facebook Help Center | Facebook", https://www.facebook.com/help/?ref=pf
"Welcome to Facebook - Log In, Sign Up or Learn More", https://www.facebook.com/#
"Welcome to Facebook - Log In, Sign Up or Learn More", https://www.facebook.com/
"Welcome to Facebook - Log In, Sign Up or Learn More", https://www.facebook.com
"Welcome to Facebook - Log In, Sign Up or Learn More", https://www.facebook.com/
"Forgot Password | Can't Log In | Facebook", https://www.facebook.com/recover/initiate
"Welcome to Facebook - Log In, Sign Up or Learn More", https://www.facebook.com#
"Terms of Service", https://www.facebook.com/legal/terms
"Data Use Policy | Facebook", https://www.facebook.com/about/privacy
"Cookies, Pixels & Similar Technologies | Facebook Help Center | Facebook", https://www.facebook.com/help/cookies
"Welcome to Facebook - Log In, Sign Up or Learn More", https://www.facebook.com#
"Welcome to Facebook - Log In, Sign Up or Learn More", https://www.facebook.com#
"Welcome to Facebook - Log In, Sign Up or Learn More", https://www.facebook.com#
"Welcome to Facebook - Log In, Sign Up or Learn More", https://www.facebook.com#
"Welcome to Facebook - Log In, Sign Up or Learn More", https://www.facebook.com#
"Welcome to Facebook - Log In, Sign Up or Learn More", https://www.facebook.com#
"Facebook", https://www.facebook.com/pages/create/?ref_type=registration_form
"Welcome to Facebook - Log In, Sign Up or Learn More", https://www.facebook.com/
"¡Bienvenido a Facebook en Español!", https://es-la.facebook.com/
"Bienvenue sur Facebook. Connectez-vous, inscrivez-vous ou découvrez !", https://fr-fr.facebook.com/
"欢迎使用 Facebook - 登录、注册或详细了解", https://zh-cn.facebook.com/
"مرحباً بك في فيس بوك - قم بتسجيل الدخول أو بالتسجيل أو بمعرفة المزيد", https://ar-ar.facebook.com/
"Bem-vindo ao Facebook - acesse, cadastre-se ou saiba mais.", https://pt-br.facebook.com/
"Ti diamo il benvenuto su Facebook: accedi, iscriviti o scopri maggiori informazioni", https://it-it.facebook.com/
"Facebook에 오신 것을 환영합니다. 로그인, 가입 및 더 알아보기", https://ko-kr.facebook.com/
"Willkommen bei Facebook - anmelden, registrieren oder mehr erfahren", https://de-de.facebook.com/
"Facebook में आपका स्वागत है - लॉग इन करें, साइन अप करें या अधिक जानें", https://hi-in.facebook.com/
"Welcome to Facebook - Log In, Sign Up or Learn More", https://www.facebook.com#
"Sign Up for Facebook | Facebook", https://www.facebook.com/r.php
"Facebook", https://www.facebook.com/login/
"Facebook Mobile | Facebook", https://www.facebook.com/mobile/?ref=pf
"Facebook", https://www.facebook.com/find-friends?ref=pf
"Facebook Badges", https://www.facebook.com/badges/?ref=pf
"A A | azusa sakata | People Directory | Facebook", https://www.facebook.com/directory/people/
"Pages Directory | Facebook", https://www.facebook.com/directory/pages/
"Facebook Places - Discover great places | Facebook", https://www.facebook.com/places/
"Games", https://www.facebook.com/games/
"Places Directory | Facebook", https://www.facebook.com/directory/places/
"Facebook", https://www.facebook.com/facebook
"About Advertising on Facebook | Facebook", https://www.facebook.com/campaign/landing.php?placement=pflo&campaign_id=402047449186&extra_1=auto
"Facebook", https://www.facebook.com/pages/create/?ref_type=sitefooter
"Facebook Developers", https://developers.facebook.com/?ref=pf
"Facebook Careers | Facebook", https://www.facebook.com/careers/?ref=pf
"Data Use Policy | Facebook", https://www.facebook.com/privacy/explanation
"Cookies, Pixels & Similar Technologies | Facebook Help Center | Facebook", https://www.facebook.com/help/cookies/?ref=sitefooter
"Facebook Policies | Facebook", https://www.facebook.com/policies/?ref=pf
"Facebook Help Center | Facebook", https://www.facebook.com/help/?ref=pf
"Welcome to Facebook - Log In, Sign Up or Learn More", https://www.facebook.com#
"Welcome to Facebook - Log In, Sign Up or Learn More", https://www.facebook.com/
"Forgot Password | Can't Log In | Facebook", https://www.facebook.com/recover/initiate
"Welcome to Facebook - Log In, Sign Up or Learn More", https://www.facebook.com/#
"Terms of Service", https://www.facebook.com/legal/terms
"Data Use Policy | Facebook", https://www.facebook.com/about/privacy
"Cookies, Pixels & Similar Technologies | Facebook Help Center | Facebook", https://www.facebook.com/help/cookies
"Welcome to Facebook - Log In, Sign Up or Learn More", https://www.facebook.com/#
"Welcome to Facebook - Log In, Sign Up or Learn More", https://www.facebook.com/#
"Welcome to Facebook - Log In, Sign Up or Learn More", https://www.facebook.com/#
"Welcome to Facebook - Log In, Sign Up or Learn More", https://www.facebook.com/#
"Welcome to Facebook - Log In, Sign Up or Learn More", https://www.facebook.com/#
"Welcome to Facebook - Log In, Sign Up or Learn More", https://www.facebook.com/#
"Facebook", https://www.facebook.com/pages/create/?ref_type=registration_form
"Welcome to Facebook - Log In, Sign Up or Learn More", https://www.facebook.com/
"¡Bienvenido a Facebook en Español!", https://es-la.facebook.com/
"Bienvenue sur Facebook. Connectez-vous, inscrivez-vous ou découvrez !", https://fr-fr.facebook.com/
"欢迎使用 Facebook - 登录、注册或详细了解", https://zh-cn.facebook.com/
"مرحباً بك في فيس بوك - قم بتسجيل الدخول أو بالتسجيل أو بمعرفة المزيد", https://ar-ar.facebook.com/
"Bem-vindo ao Facebook - acesse, cadastre-se ou saiba mais.", https://pt-br.facebook.com/
"Ti diamo il benvenuto su Facebook: accedi, iscriviti o scopri maggiori informazioni", https://it-it.facebook.com/
"Facebook에 오신 것을 환영합니다. 로그인, 가입 및 더 알아보기", https://ko-kr.facebook.com/
"Willkommen bei Facebook - anmelden, registrieren oder mehr erfahren", https://de-de.facebook.com/
"Facebook में आपका स्वागत है - लॉग इन करें, साइन अप करें या अधिक जानें", https://hi-in.facebook.com/
"Welcome to Facebook - Log In, Sign Up or Learn More", https://www.facebook.com/#
"Sign Up for Facebook | Facebook", https://www.facebook.com/r.php
"Facebook", https://www.facebook.com/login/
"Facebook Mobile | Facebook", https://www.facebook.com/mobile/?ref=pf
"Facebook", https://www.facebook.com/find-friends?ref=pf
"Facebook Badges", https://www.facebook.com/badges/?ref=pf
"A A | azusa sakata | People Directory | Facebook", https://www.facebook.com/directory/people/
"Pages Directory | Facebook", https://www.facebook.com/directory/pages/
"Facebook Places - Discover great places | Facebook", https://www.facebook.com/places/
"Games", https://www.facebook.com/games/
"Places Directory | Facebook", https://www.facebook.com/directory/places/
"Facebook", https://www.facebook.com/facebook
"About Advertising on Facebook | Facebook", https://www.facebook.com/campaign/landing.php?placement=pflo&campaign_id=402047449186&extra_1=auto
"Facebook", https://www.facebook.com/pages/create/?ref_type=sitefooter
"Facebook Developers", https://developers.facebook.com/?ref=pf
"Facebook Careers | Facebook", https://www.facebook.com/careers/?ref=pf
"Data Use Policy | Facebook", https://www.facebook.com/privacy/explanation
"Cookies, Pixels & Similar Technologies | Facebook Help Center | Facebook", https://www.facebook.com/help/cookies/?ref=sitefooter
"Facebook Policies | Facebook", https://www.facebook.com/policies/?ref=pf
"Facebook Help Center | Facebook", https://www.facebook.com/help/?ref=pf
"Welcome to Facebook - Log In, Sign Up or Learn More", https://www.facebook.com/#
"Welcome to Facebook - Log In, Sign Up or Learn More", https://www.facebook.com/
"Forgot Password | Can't Log In | Facebook", https://www.facebook.com/recover/initiate
"Facebook", https://www.facebook.com/login.php
"I can't find my account from the "Find Your Account" page. | Facebook Help Center | Facebook", https://www.facebook.com/help/277898572230446
"Sign Up for Facebook | Facebook", https://www.facebook.com/r.php
"Facebook", https://www.facebook.com/login/
"Facebook Mobile | Facebook", https://www.facebook.com/mobile/?ref=pf
"Facebook", https://www.facebook.com/find-friends?ref=pf
"Facebook Badges", https://www.facebook.com/badges/?ref=pf
"A A | azusa sakata | People Directory | Facebook", https://www.facebook.com/directory/people/
"Pages Directory | Facebook", https://www.facebook.com/directory/pages/
"Facebook Places - Discover great places | Facebook", https://www.facebook.com/places/
